[
    {
        "actionName": "Action",
        "steps": [
            {
                "stepId": "STEP1",
                "stepName": "Url: canonical.html",
                "infFile": "t1.inf",
                "time": 1708766748384
            },
            {
                "stepId": "STEP2",
                "stepName": "Url: v1",
                "infFile": "t5.inf",
                "time": 1708766748934
            },
            {
                "stepId": "STEP3",
                "stepName": "Url: thinking-tester-contact-list.herokuapp.com",
                "infFile": "t9.inf",
                "time": 1708766751339
            },
            {
                "stepId": "STEP4",
                "stepName": "Custom Request: cfr-v1-en-GB",
                "infFile": "t10.inf",
                "time": 1708766751383
            },
            {
                "stepId": "STEP5",
                "stepName": "Custom Request: 0350379b-268e-4fcb-bc38-96736c7dd094",
                "infFile": "t12.inf",
                "time": 1708766751941
            },
            {
                "stepId": "STEP6",
                "stepName": "Url: update.xml",
                "infFile": "t15.inf",
                "time": 1708766752662
            },
            {
                "stepId": "STEP7",
                "stepName": "Custom Request: c456dab6-a1ea-4824-bfc6-f1f52539e776",
                "infFile": "t16.inf",
                "time": 1708766752955
            },
            {
                "stepId": "STEP8",
                "stepName": "Custom Request: f335db19-8892-45fa-b01e-ead0be45e1fb",
                "infFile": "t17.inf",
                "time": 1708766753272
            },
            {
                "stepId": "STEP9",
                "stepName": "Custom Request: 26644644-62a4-47c3-baa7-1bdf56d64f52",
                "infFile": "t18.inf",
                "time": 1708766753569
            },
            {
                "stepId": "STEP10",
                "stepName": "Custom Request: 17816e68-9e7c-42c8-92f0-3cd13f04ae55",
                "infFile": "t19.inf",
                "time": 1708766753963
            },
            {
                "stepId": "STEP11",
                "stepName": "Url: addUser",
                "infFile": "t20.inf",
                "time": 1708766755175
            }
        ],
        "transactions": []
    }
]