[
    {
        "actionName": "Action",
        "steps": [
            {
                "stepId": "STEP1",
                "stepName": "Url: canonical.html",
                "infFile": "t1.inf",
                "time": 1708764998174
            },
            {
                "stepId": "STEP2",
                "stepName": "Url: thinking-tester-contact-list.herokuapp.com",
                "infFile": "t6.inf",
                "time": 1708765000885
            },
            {
                "stepId": "STEP3",
                "stepName": "Custom Request: c78376db-636c-49a2-8c6a-f8ba1e48684d",
                "infFile": "t10.inf",
                "time": 1708765001801
            },
            {
                "stepId": "STEP4",
                "stepName": "Url: update.xml",
                "infFile": "t12.inf",
                "time": 1708765002565
            },
            {
                "stepId": "STEP5",
                "stepName": "Custom Request: 940a957a-cff0-4e3b-b50a-5b28ece2dcc1",
                "infFile": "t13.inf",
                "time": 1708765002902
            },
            {
                "stepId": "STEP6",
                "stepName": "Custom Request: e23fb64b-82ce-4693-b05f-cdfcc8c3eb1e",
                "infFile": "t14.inf",
                "time": 1708765003282
            },
            {
                "stepId": "STEP7",
                "stepName": "Custom Request: 3e4d9dff-0d29-4c59-8c46-bbe4392e1d76",
                "infFile": "t15.inf",
                "time": 1708765003671
            },
            {
                "stepId": "STEP8",
                "stepName": "Custom Request: login",
                "infFile": "t16.inf",
                "time": 1708765003997
            },
            {
                "stepId": "STEP9",
                "stepName": "Url: contactList",
                "infFile": "t17.inf",
                "time": 1708765004527
            },
            {
                "stepId": "STEP10",
                "stepName": "Custom Request: contacts",
                "infFile": "t18.inf",
                "time": 1708765004809
            },
            {
                "stepId": "STEP11",
                "stepName": "Url: canonical.html_2",
                "infFile": "t19.inf",
                "time": 1708765005537
            },
            {
                "stepId": "STEP12",
                "stepName": "Url: addContact",
                "infFile": "t20.inf",
                "time": 1708765006823
            },
            {
                "stepId": "STEP13",
                "stepName": "Custom Request: contacts_2",
                "infFile": "t21.inf",
                "time": 1708765007810
            },
            {
                "stepId": "STEP14",
                "stepName": "Url: contactList_2",
                "infFile": "t22.inf",
                "time": 1708765008410
            },
            {
                "stepId": "STEP15",
                "stepName": "Custom Request: contacts_3",
                "infFile": "t23.inf",
                "time": 1708765008681
            }
        ],
        "transactions": []
    }
]