[
    {
        "actionName": "vuser_end",
        "steps": [
            {
                "stepId": "STEP16",
                "stepName": "Url: logout",
                "infFile": "t24.inf",
                "time": 1708765009192
            },
            {
                "stepId": "STEP17",
                "stepName": "Url: thinking-tester-contact-list.herokuapp.com_2",
                "infFile": "t26.inf",
                "time": 1708765009952
            }
        ],
        "transactions": []
    }
]