[{"_id":"65d86abe3718ca001310a6c2","firstName":"bjnjj","lastName":"bjnj","birthdate":"1997-08-31","email":"sha@gmail.com","phone":"07686357965","street1":"zgzzj","street2":"kijj","city":"bjhihiu","stateProvince":"jijiji","postalCode":"685585","country":"India","owner":"65d86a8d3718ca001310a6c0","__v":0},{"_id":"65d86c6031cfee001367506d","firstName":"nccdnc","lastName":"c ndc d","birthdate":"1999-04-21","email":"sha@gmail.com","phone":"07686357965","street1":"zgzzj","street2":"kijj","city":"bjhihiu","stateProvince":"jijiji","postalCode":"685585","country":"India","owner":"65d86a8d3718ca001310a6c0","__v":0},{"_id":"65d8705c31cfee0013675095","firstName":"nccdnc","lastName":"c ndc d","birthdate":"1999-04-21","email":"sha@gmail.com","phone":"07686357965","street1":"zgzzj","street2":"kijj","city":"bjhihiu","stateProvince":"jijiji","postalCode":"685585","country":"India","owner":"65d86a8d3718ca001310a6c0","__v":0},{"_id":"65d872203718ca001310a6f2","firstName":"nccdnc","lastName":"c ndc d","birthdate":"1999-04-21","email":"sha@gmail.com","phone":"07686357965","street1":"zgzzj","street2":"kijj","city":"bjhihiu","stateProvince":"jijiji","postalCode":"685585","country":"India","owner":"65d86a8d3718ca001310a6c0","__v":0}]